-- phpMyAdmin SQL Dump
-- version 4.5.1
-- http://www.phpmyadmin.net
--
-- Host: 127.0.0.1
-- Generation Time: May 21, 2025 at 04:47 PM
-- Server version: 10.1.8-MariaDB
-- PHP Version: 5.6.14

SET SQL_MODE = "NO_AUTO_VALUE_ON_ZERO";
SET time_zone = "+00:00";


/*!40101 SET @OLD_CHARACTER_SET_CLIENT=@@CHARACTER_SET_CLIENT */;
/*!40101 SET @OLD_CHARACTER_SET_RESULTS=@@CHARACTER_SET_RESULTS */;
/*!40101 SET @OLD_COLLATION_CONNECTION=@@COLLATION_CONNECTION */;
/*!40101 SET NAMES utf8mb4 */;

--
-- Database: `libri_bestseller`
--

-- --------------------------------------------------------

--
-- Table structure for table `autori`
--

CREATE TABLE `autori` (
  `id_autore` int(11) NOT NULL,
  `nome` varchar(255) NOT NULL
) ENGINE=InnoDB DEFAULT CHARSET=utf8mb4;

--
-- Dumping data for table `autori`
--

INSERT INTO `autori` (`id_autore`, `nome`) VALUES
(1, 'JJ Smith'),
(2, 'Stephen King'),
(3, 'Jordan B. Peterson'),
(4, 'George Orwell'),
(5, 'National Geographic Kids'),
(6, 'George R. R. Martin'),
(7, 'Amor Towles'),
(8, 'James Comey'),
(9, 'Fredrik Backman'),
(10, 'Larry Schweikart'),
(11, 'Jaycee Dugard'),
(12, 'Madeleine L''Engle'),
(13, 'Steve Harvey'),
(14, 'Adult Coloring Book Designs'),
(15, 'Blue Star Coloring'),
(16, 'Coloring Books for Adults'),
(17, 'Ron Chernow'),
(18, 'Anthony Doerr'),
(19, 'Veronica Roth'),
(20, 'Chris Kyle'),
(21, 'Khaled Hosseini'),
(22, 'Glenn Beck'),
(23, 'Neil deGrasse Tyson'),
(24, 'Mark Twain'),
(25, 'DK'),
(26, 'Angie Grace'),
(27, 'Ina Garten'),
(28, 'Michelle Obama'),
(29, 'Atul Gawande'),
(30, 'Ta-Nehisi Coates'),
(31, 'Bruce Springsteen'),
(32, 'Stephenie Meyer'),
(33, 'Bill Martin Jr.'),
(34, 'Jeff Kinney'),
(35, 'Sasha O''Hara'),
(36, 'David Goggins'),
(37, 'Thomas Piketty'),
(38, 'Suzanne Collins'),
(39, 'Chrissy Teigen'),
(40, 'Francis Chan'),
(41, 'Kevin Kwan'),
(42, 'Marjorie Sarnat'),
(43, 'Abraham Verghese'),
(44, 'Brené Brown'),
(45, 'Malcolm Gladwell'),
(46, 'Charlaine Harris'),
(47, 'Rod Campbell'),
(48, 'George W. Bush'),
(49, 'Tony Hsieh'),
(50, 'American Psychiatric Association'),
(51, 'M Prefontaine'),
(52, 'Zhi Gang Sha'),
(53, 'Dav Pilkey'),
(54, 'Marty Noble'),
(55, 'Daniel H. Pink'),
(56, 'David Zinczenko'),
(57, 'Joel Fuhrman MD'),
(58, 'Tara Westover'),
(59, 'Johanna Basford'),
(60, 'Ray Bradbury'),
(61, 'J.K. Rowling'),
(62, 'Bob Woodward'),
(63, 'E L James'),
(64, 'Michael Wolff'),
(65, 'Roger Priddy'),
(66, 'Michael Pollan'),
(67, 'RH Disney'),
(68, 'John Heilemann'),
(69, 'George R.R. Martin'),
(70, 'Peter A. Lillback'),
(71, 'Brian Kilmeade'),
(72, 'Giles Andreae'),
(73, 'Rachel Hollis'),
(74, 'Harper Lee'),
(75, 'Adam Mansbach'),
(76, 'Sarah Palin'),
(77, 'Gillian Flynn'),
(78, 'Pretty Simple Press'),
(79, 'Jim Collins'),
(80, 'Margaret Wise Brown'),
(81, 'Sherri Duskey Rinker'),
(82, 'David Perlmutter MD'),
(83, 'Raina Telgemeier'),
(84, 'Lin-Manuel Miranda'),
(85, 'Phil Robertson'),
(86, 'J. K. Rowling'),
(87, 'Scholastic'),
(88, 'Mitch Albom'),
(89, 'Todd Burpo'),
(90, 'J. D. Vance'),
(91, 'Joanna Gaines'),
(92, 'Dale Carnegie'),
(93, 'Howard Stern'),
(94, 'Brandon Stanton'),
(95, 'Allie Brosh'),
(96, 'Hopscotch Girls'),
(97, 'James Patterson'),
(98, 'Ann Whitford Paul'),
(99, 'Gayle Forman'),
(100, 'Eric Larson'),
(101, 'Dan Brown'),
(102, 'Christopher Paolini'),
(103, 'Jennifer Smith'),
(104, 'Lysa TerKeurst'),
(105, 'Sarah Young'),
(106, 'David Grann'),
(107, 'Bill O''Reilly'),
(108, 'Anthony Bourdain'),
(109, 'Rob Elliott'),
(110, 'Jill Twiss'),
(111, 'Sheryl Sandberg'),
(112, 'Walter Isaacson'),
(113, 'Paper Peony Press'),
(114, 'Mark R. Levin'),
(115, 'Keith Richards'),
(116, 'Chris Cleave'),
(117, 'Alice Schertle'),
(118, 'Celeste Ng'),
(119, 'John Green'),
(120, 'Rob Bell'),
(121, 'Robert Munsch'),
(122, 'Admiral William H. McRaven'),
(123, 'Julia Child'),
(124, 'Rupi Kaur'),
(125, 'Adam Gasiewski'),
(126, 'Carol S. Dweck'),
(127, 'Crispin Boyer'),
(128, 'Amy Shields'),
(129, 'Elie Wiesel'),
(130, 'Mark Owen'),
(131, 'Pete Souza'),
(132, 'Dr. Seuss'),
(133, 'Elizabeth Strout'),
(134, 'Ann Voskamp'),
(135, 'Christina Baker Kline'),
(136, 'Naomi Kleinberg'),
(137, 'Rick Riordan'),
(138, 'Wizards RPG Team'),
(139, 'Eben Alexander'),
(140, 'American Psychological Association'),
(141, 'Golden Books'),
(142, 'Susan Cain'),
(143, 'David Platt'),
(144, 'Ernest Cline'),
(145, 'Rush Limbaugh'),
(146, 'Samin Nosrat'),
(147, 'Tatiana de Rosnay'),
(148, 'School Zone'),
(149, 'Justin Halpern'),
(150, 'Tucker Carlson'),
(151, 'Ian K. Smith M.D.'),
(152, 'Nathan W. Pyle'),
(153, 'Gallup'),
(154, 'Steven D. Levitt'),
(155, 'Chip Heath'),
(156, 'John Grisham'),
(157, 'Doug Lemov'),
(158, 'Mike Moreno'),
(159, 'Timothy Ferriss'),
(160, 'Gary Chapman'),
(161, 'W. Cleon Skousen'),
(162, 'Stephen R. Covey'),
(163, 'Paulo Coelho'),
(164, 'Edward Klein'),
(165, 'Garth Stein'),
(166, 'Michael Lewis'),
(167, 'Mark Hyman M.D.'),
(168, 'Bessel van der Kolk M.D.'),
(169, 'Bill Simmons'),
(170, 'Markus Zusak'),
(171, 'B. J. Novak'),
(172, 'Daniel James Brown'),
(173, 'Thomas Campbell'),
(174, 'Amy Ramos'),
(175, 'Delegates of the Constitutional'),
(176, 'Jon Stewart'),
(177, 'Drew Daywalt'),
(178, 'Pierre Dukan'),
(179, 'Muriel Barbery'),
(180, 'Patrick Lencioni'),
(181, 'Don Miguel Ruiz'),
(182, 'Paula Hawkins'),
(183, 'Stieg Larsson'),
(184, 'Sandra Boynton'),
(185, 'Donna Tartt'),
(186, 'F. Scott Fitzgerald'),
(187, 'Mary Ann Shaffer'),
(188, 'Margaret Atwood'),
(189, 'Jonathan Cahn'),
(190, 'Angie Thomas'),
(191, 'Kathryn Stockett'),
(192, 'Rebecca Skloot'),
(193, 'Laurel Randolph'),
(194, 'Randy Pausch'),
(195, 'Patrick Thorpe'),
(196, 'Daniel Lipkowitz'),
(197, 'Marie Kondō'),
(198, 'Stephen Kendrick'),
(199, 'Chip Gaines'),
(200, 'Andy Weir'),
(201, 'James Dashner'),
(202, 'The Washington Post'),
(203, 'Kristin Hannah'),
(204, 'The College Board'),
(205, 'Paula McLain'),
(206, 'Ree Drummond'),
(207, 'Dr. Steven R Gundry MD'),
(208, 'Deborah Diesen'),
(209, 'Charles Duhigg'),
(210, 'F. A. Hayek'),
(211, 'William P. Young'),
(212, 'Alex Michaelides'),
(213, 'Mark Manson'),
(214, 'Audrey Niffenegger'),
(215, 'Dave Ramsey'),
(216, 'Dinah Bucholz'),
(217, 'Eric Carle'),
(218, 'Melissa Hartwig Urban'),
(219, 'Emily Winfield Martin'),
(220, 'Craig Smith'),
(221, 'David McCullough'),
(222, 'Charles Krauthammer'),
(223, 'Daniel Kahneman'),
(224, 'Jay Asher'),
(225, 'Jon Meacham'),
(226, 'Greg Mortenson'),
(227, 'Thug Kitchen'),
(228, 'Tina Fey'),
(229, 'Robert Jordan'),
(230, 'Edward M. Kennedy'),
(231, 'Laura Hillenbrand'),
(232, 'Silly Bear'),
(233, 'Alan Moore'),
(234, 'Sara Gruen'),
(235, 'Hillary Rodham Clinton'),
(236, 'Randall Munroe'),
(237, 'Adir Levy'),
(238, 'Heidi Murkoff'),
(239, 'William Davis'),
(240, 'Paul Kalanithi'),
(241, 'Delia Owens'),
(242, 'Maurice Sendak'),
(243, 'The Staff of The Late Show with'),
(244, 'Cheryl Strayed'),
(245, 'Ken Follett'),
(246, 'Geneen Roth'),
(247, 'R. J. Palacio'),
(248, 'Jen Sincero');

-- --------------------------------------------------------

--
-- Stand-in structure for view `best_autori`
--
CREATE TABLE `best_autori` (
`nome` varchar(255)
,`books_count` bigint(21)
,`avg_price` decimal(6,2)
,`avg_rating` decimal(3,1)
,`avg_reviews` decimal(12,1)
,`main_genre` varchar(50)
,`avg_year` bigint(13)
);

-- --------------------------------------------------------

--
-- Table structure for table `generi`
--

CREATE TABLE `generi` (
  `id_genere` int(11) NOT NULL,
  `genere` varchar(50) NOT NULL
) ENGINE=InnoDB DEFAULT CHARSET=utf8mb4;

--
-- Dumping data for table `generi`
--

INSERT INTO `generi` (`id_genere`, `genere`) VALUES
(1, 'Non Fiction'),
(2, 'Fiction');

-- --------------------------------------------------------

--
-- Table structure for table `libri`
--

CREATE TABLE `libri` (
  `id_libro` int(11) NOT NULL,
  `titolo` varchar(255) DEFAULT NULL,
  `fk_id_autore` int(11) DEFAULT NULL,
  `voto_medio` decimal(2,1) DEFAULT NULL,
  `numero_recensioni` int(11) DEFAULT NULL,
  `prezzo` decimal(5,2) DEFAULT NULL,
  `anno` int(11) DEFAULT NULL,
  `fk_id_genere` int(11) DEFAULT NULL
) ENGINE=InnoDB DEFAULT CHARSET=utf8mb4;

--
-- Dumping data for table `libri`
--

INSERT INTO `libri` (`id_libro`, `titolo`, `fk_id_autore`, `voto_medio`, `numero_recensioni`, `prezzo`, `anno`, `fk_id_genere`) VALUES
(1, '10-Day Green Smoothie Cleanse', 1, '4.7', 17350, '8.00', 2016, 1),
(2, '11/22/63: A Novel', 2, '4.6', 2052, '22.00', 2011, 2),
(3, '12 Rules For Life: An Antidote To Chaos', 3, '4.7', 18979, '15.00', 2018, 1),
(4, '1984 (Signet Classics)', 4, '4.7', 21424, '6.00', 2017, 2),
(5, '5,000 Awesome Facts (About Everything!) (National Geographic Kids)', 5, '4.8', 7665, '12.00', 2019, 1),
(6, 'A Dance With Dragons (A Song Of Ice And Fire)', 6, '4.4', 12643, '11.00', 2011, 2),
(7, 'A Game Of Thrones / A Clash Of Kings / A Storm Of Swords / A Feast Of Crows / A Dance With Dragons', 6, '4.7', 19735, '30.00', 2014, 2),
(8, 'A Gentleman In Moscow: A Novel', 7, '4.7', 19699, '15.00', 2017, 2),
(9, 'A Higher Loyalty: Truth, Lies, And Leadership', 8, '4.7', 5983, '3.00', 2018, 1),
(10, 'A Man Called Ove: A Novel', 9, '4.6', 23848, '8.00', 2016, 2),
(11, 'A Man Called Ove: A Novel', 9, '4.6', 23848, '8.00', 2017, 2),
(12, 'A Patriot''S History Of The United States: From Columbus''S Great Discovery To The War On Terror', 10, '4.6', 460, '2.00', 2010, 1),
(13, 'A Stolen Life: A Memoir', 11, '4.6', 4149, '32.00', 2011, 1),
(14, 'A Wrinkle In Time (Time Quintet)', 12, '4.5', 5153, '5.00', 2018, 2),
(15, 'Act Like A Lady, Think Like A Man: What Men Really Think About Love, Relationships, Intimacy, And Commitment', 13, '4.6', 5013, '17.00', 2009, 1),
(16, 'Adult Coloring Book Designs: Stress Relief Coloring Book: Garden Designs, Mandalas, Animals, And Paisley Patterns', 14, '4.5', 2313, '4.00', 2016, 1),
(17, 'Adult Coloring Book: Stress Relieving Animal Designs', 15, '4.6', 2925, '6.00', 2015, 1),
(18, 'Adult Coloring Book: Stress Relieving Patterns', 15, '4.4', 2951, '6.00', 2015, 1),
(19, 'Adult Coloring Books: A Coloring Book For Adults Featuring Mandalas And Henna Inspired Flowers, Animals, And Paisley…', 16, '4.5', 2426, '8.00', 2015, 1),
(20, 'Alexander Hamilton', 17, '4.8', 9198, '13.00', 2016, 1),
(21, 'All The Light We Cannot See', 18, '4.6', 36348, '14.00', 2014, 2),
(22, 'All The Light We Cannot See', 18, '4.6', 36348, '14.00', 2015, 2),
(23, 'Allegiant', 19, '3.9', 6310, '13.00', 2013, 2),
(24, 'American Sniper: The Autobiography Of The Most Lethal Sniper In U.S. Military History', 20, '4.6', 15921, '9.00', 2015, 1),
(25, 'And The Mountains Echoed', 21, '4.3', 12159, '13.00', 2013, 2),
(26, 'Arguing With Idiots: How To Stop Small Minds And Big Government', 22, '4.6', 798, '5.00', 2009, 1),
(27, 'Astrophysics For People In A Hurry', 23, '4.7', 9374, '9.00', 2017, 1),
(28, 'Autobiography Of Mark Twain, Vol. 1', 24, '4.2', 491, '14.00', 2010, 1),
(29, 'Baby Touch And Feel: Animals', 25, '4.6', 5360, '5.00', 2015, 1),
(30, 'Balance (Angie''S Extreme Stress Menders)', 26, '4.6', 1909, '11.00', 2015, 1),
(31, 'Barefoot Contessa Foolproof: Recipes You Can Trust: A Cookbook', 27, '4.8', 1296, '24.00', 2012, 1),
(32, 'Barefoot Contessa, How Easy Is That?: Fabulous Recipes & Easy Tips', 27, '4.7', 615, '21.00', 2010, 1),
(33, 'Becoming', 28, '4.8', 61133, '11.00', 2018, 1),
(34, 'Becoming', 28, '4.8', 61133, '11.00', 2019, 1),
(35, 'Being Mortal: Medicine And What Matters In The End', 29, '4.8', 11113, '15.00', 2015, 1),
(36, 'Between The World And Me', 30, '4.7', 10070, '13.00', 2015, 1),
(37, 'Between The World And Me', 30, '4.7', 10070, '13.00', 2016, 1),
(38, 'Born To Run', 31, '4.7', 3729, '18.00', 2016, 1),
(39, 'Breaking Dawn (The Twilight Saga, Book 4)', 32, '4.6', 9769, '13.00', 2009, 2),
(40, 'Broke: The Plan To Restore Our Trust, Truth And Treasure', 22, '4.5', 471, '8.00', 2010, 1),
(41, 'Brown Bear, Brown Bear, What Do You See?', 33, '4.9', 14344, '5.00', 2017, 2),
(42, 'Brown Bear, Brown Bear, What Do You See?', 33, '4.9', 14344, '5.00', 2019, 2),
(43, 'Cabin Fever (Diary Of A Wimpy Kid, Book 6)', 34, '4.8', 4505, '0.00', 2011, 2),
(44, 'Calm The F*Ck Down: An Irreverent Adult Coloring Book (Irreverent Book Series)', 35, '4.6', 10369, '4.00', 2016, 1),
(45, 'Can''T Hurt Me: Master Your Mind And Defy The Odds', 36, '4.8', 16244, '18.00', 2019, 1),
(46, 'Capital In The Twenty First Century', 37, '4.5', 2884, '28.00', 2014, 1),
(47, 'Catching Fire (The Hunger Games)', 38, '4.7', 22614, '11.00', 2010, 2),
(48, 'Catching Fire (The Hunger Games)', 38, '4.7', 22614, '11.00', 2011, 2),
(49, 'Catching Fire (The Hunger Games)', 38, '4.7', 22614, '11.00', 2012, 2),
(50, 'Cravings: Recipes For All The Food You Want To Eat: A Cookbook', 39, '4.7', 4761, '16.00', 2016, 1),
(51, 'Crazy Love: Overwhelmed By A Relentless God', 40, '4.7', 1542, '14.00', 2009, 1),
(52, 'Crazy Love: Overwhelmed By A Relentless God', 40, '4.7', 1542, '14.00', 2010, 1),
(53, 'Crazy Love: Overwhelmed By A Relentless God', 40, '4.7', 1542, '14.00', 2011, 1),
(54, 'Crazy Rich Asians (Crazy Rich Asians Trilogy)', 41, '4.3', 6143, '8.00', 2018, 2),
(55, 'Creative Haven Creative Cats Coloring Book (Adult Coloring)', 42, '4.8', 4022, '4.00', 2015, 1),
(56, 'Creative Haven Owls Coloring Book (Adult Coloring)', 42, '4.8', 3871, '5.00', 2015, 1),
(57, 'Cutting For Stone', 43, '4.6', 4866, '11.00', 2010, 2),
(58, 'Cutting For Stone', 43, '4.6', 4866, '11.00', 2011, 2),
(59, 'Daring Greatly: How The Courage To Be Vulnerable Transforms The Way We Live, Love, Parent, And Lead', 44, '4.8', 1329, '10.00', 2013, 1),
(60, 'David And Goliath: Underdogs, Misfits, And The Art Of Battling Giants', 45, '4.4', 4642, '13.00', 2013, 1),
(61, 'Dead And Gone: A Sookie Stackhouse Novel (Sookie Stackhouse/True Blood)', 46, '4.6', 1541, '4.00', 2009, 2),
(62, 'Dead In The Family (Sookie Stackhouse/True Blood, Book 10)', 46, '4.3', 1924, '8.00', 2010, 2),
(63, 'Dead Reckoning (Sookie Stackhouse/True Blood, Book 11)', 46, '4.2', 2094, '4.00', 2011, 2),
(64, 'Dear Zoo: A Lift-The-Flap Book', 47, '4.8', 10922, '5.00', 2015, 2),
(65, 'Dear Zoo: A Lift-The-Flap Book', 47, '4.8', 10922, '5.00', 2016, 2),
(66, 'Dear Zoo: A Lift-The-Flap Book', 47, '4.8', 10922, '5.00', 2017, 2),
(67, 'Dear Zoo: A Lift-The-Flap Book', 47, '4.8', 10922, '5.00', 2018, 2),
(68, 'Decision Points', 48, '4.6', 2137, '17.00', 2010, 1),
(69, 'Delivering Happiness: A Path To Profits, Passion, And Purpose', 49, '4.6', 1651, '15.00', 2010, 1),
(70, 'Diagnostic And Statistical Manual Of Mental Disorders, 5Th Edition: Dsm-5', 50, '4.5', 6679, '105.00', 2013, 1),
(71, 'Diagnostic And Statistical Manual Of Mental Disorders, 5Th Edition: Dsm-5', 50, '4.5', 6679, '105.00', 2014, 1),
(72, 'Diary Of A Wimpy Kid: Hard Luck, Book 8', 34, '4.8', 6812, '0.00', 2013, 2),
(73, 'Diary Of A Wimpy Kid: The Last Straw (Book 3)', 34, '4.8', 3837, '15.00', 2009, 2),
(74, 'Diary Of A Wimpy Kid: The Long Haul', 34, '4.8', 6540, '22.00', 2014, 2),
(75, 'Difficult Riddles For Smart Kids: 300 Difficult Riddles And Brain Teasers Families Will Love (Books For Smart Kids)', 51, '4.6', 7955, '5.00', 2019, 1),
(76, 'Divergent', 19, '4.6', 27098, '15.00', 2013, 2),
(77, 'Divergent', 19, '4.6', 27098, '15.00', 2014, 2),
(78, 'Divergent / Insurgent', 19, '4.5', 17684, '6.00', 2014, 2),
(79, 'Divine Soul Mind Body Healing And Transmission System: The Divine Way To Heal You, Humanity, Mother Earth, And All…', 52, '4.6', 37, '6.00', 2009, 1),
(80, 'Doctor Sleep: A Novel', 2, '4.7', 15845, '13.00', 2013, 2),
(81, 'Dog Days (Diary Of A Wimpy Kid, Book 4) (Volume 4)', 34, '4.8', 3181, '12.00', 2009, 2),
(82, 'Dog Man And Cat Kid: From The Creator Of Captain Underpants (Dog Man #4)', 53, '4.9', 5062, '6.00', 2018, 2),
(83, 'Dog Man: A Tale Of Two Kitties: From The Creator Of Captain Underpants (Dog Man #3)', 53, '4.9', 4786, '8.00', 2017, 2),
(84, 'Dog Man: Brawl Of The Wild: From The Creator Of Captain Underpants (Dog Man #6)', 53, '4.9', 7235, '4.00', 2018, 2),
(85, 'Dog Man: Brawl Of The Wild: From The Creator Of Captain Underpants (Dog Man #6)', 53, '4.9', 7235, '4.00', 2019, 2),
(86, 'Dog Man: Fetch-22: From The Creator Of Captain Underpants (Dog Man #8)', 53, '4.9', 12619, '8.00', 2019, 2),
(87, 'Dog Man: For Whom The Ball Rolls: From The Creator Of Captain Underpants (Dog Man #7)', 53, '4.9', 9089, '8.00', 2019, 2),
(88, 'Dog Man: Lord Of The Fleas: From The Creator Of Captain Underpants (Dog Man #5)', 53, '4.9', 5470, '6.00', 2018, 2),
(89, 'Double Down (Diary Of A Wimpy Kid #11)', 34, '4.8', 5118, '20.00', 2016, 2),
(90, 'Dover Creative Haven Art Nouveau Animal Designs Coloring Book (Creative Haven Coloring Books)', 54, '4.6', 2134, '5.00', 2015, 1),
(91, 'Drive: The Surprising Truth About What Motivates Us', 55, '4.5', 2525, '16.00', 2010, 1),
(92, 'Eat This Not That! Supermarket Survival Guide: The No-Diet Weight Loss Solution', 56, '4.5', 720, '1.00', 2009, 1),
(93, 'Eat This, Not That! Thousands Of Simple Food Swaps That Can Save You 10, 20, 30 Pounds--Or More!', 56, '4.3', 956, '14.00', 2009, 1),
(94, 'Eat To Live: The Amazing Nutrient-Rich Program For Fast And Sustained Weight Loss, Revised Edition', 57, '4.5', 6346, '9.00', 2011, 1),
(95, 'Eat To Live: The Amazing Nutrient-Rich Program For Fast And Sustained Weight Loss, Revised Edition', 57, '4.5', 6346, '9.00', 2012, 1),
(96, 'Eclipse (Twilight Sagas)', 32, '4.7', 5505, '7.00', 2009, 2),
(97, 'Eclipse (Twilight)', 32, '4.7', 5505, '18.00', 2009, 2),
(98, 'Educated: A Memoir', 58, '4.7', 28729, '15.00', 2018, 1),
(99, 'Educated: A Memoir', 58, '4.7', 28729, '15.00', 2019, 1),
(100, 'Enchanted Forest: An Inky Quest And Coloring Book (Activity Books, Mindfulness And Meditation, Illustrated Floral Prints…', 59, '4.7', 5413, '9.00', 2015, 1),
(101, 'Fahrenheit 451', 60, '4.6', 10721, '8.00', 2016, 2),
(102, 'Fahrenheit 451', 60, '4.6', 10721, '8.00', 2018, 2),
(103, 'Fantastic Beasts And Where To Find Them: The Original Screenplay (Harry Potter)', 61, '4.7', 4370, '15.00', 2016, 2),
(104, 'Fear: Trump In The White House', 62, '4.4', 6042, '2.00', 2018, 1),
(105, 'Fifty Shades Darker', 63, '4.4', 23631, '7.00', 2012, 2),
(106, 'Fifty Shades Freed: Book Three Of The Fifty Shades Trilogy (Fifty Shades Of Grey Series) (English Edition)', 63, '4.5', 20262, '11.00', 2012, 2),
(107, 'Fifty Shades Of Grey: Book One Of The Fifty Shades Trilogy (Fifty Shades Of Grey Series)', 63, '3.8', 47265, '14.00', 2012, 2),
(108, 'Fifty Shades Of Grey: Book One Of The Fifty Shades Trilogy (Fifty Shades Of Grey Series)', 63, '3.8', 47265, '14.00', 2013, 2),
(109, 'Fifty Shades Trilogy (Fifty Shades Of Grey / Fifty Shades Darker / Fifty Shades Freed)', 63, '4.5', 13964, '32.00', 2012, 2),
(110, 'Fire And Fury: Inside The Trump White House', 64, '4.2', 13677, '6.00', 2018, 1),
(111, 'First 100 Words', 65, '4.7', 17323, '4.00', 2014, 1),
(112, 'First 100 Words', 65, '4.7', 17323, '4.00', 2015, 1),
(113, 'First 100 Words', 65, '4.7', 17323, '4.00', 2016, 1),
(114, 'First 100 Words', 65, '4.7', 17323, '4.00', 2017, 1),
(115, 'First 100 Words', 65, '4.7', 17323, '4.00', 2018, 1),
(116, 'Food Rules: An Eater''S Manual', 66, '4.4', 1555, '9.00', 2010, 1),
(117, 'Frozen (Little Golden Book)', 67, '4.7', 3642, '0.00', 2014, 2),
(118, 'Game Change: Obama And The Clintons, Mccain And Palin, And The Race Of A Lifetime', 68, '4.4', 1215, '9.00', 2010, 1),
(119, 'Game Of Thrones Boxed Set: A Game Of Thrones/A Clash Of Kings/A Storm Of Swords/A Feast For Crows', 69, '4.6', 5594, '5.00', 2011, 2),
(120, 'Game Of Thrones Boxed Set: A Game Of Thrones/A Clash Of Kings/A Storm Of Swords/A Feast For Crows', 69, '4.6', 5594, '5.00', 2012, 2),
(121, 'Game Of Thrones Boxed Set: A Game Of Thrones/A Clash Of Kings/A Storm Of Swords/A Feast For Crows', 69, '4.6', 5594, '5.00', 2013, 2),
(122, 'George Washington''S Sacred Fire', 70, '4.5', 408, '20.00', 2010, 1),
(123, 'George Washington''S Secret Six: The Spy Ring That Saved The American Revolution', 71, '4.6', 4799, '16.00', 2013, 1),
(124, 'Giraffes Can''T Dance', 72, '4.8', 14038, '4.00', 2015, 2),
(125, 'Giraffes Can''T Dance', 72, '4.8', 14038, '4.00', 2016, 2),
(126, 'Giraffes Can''T Dance', 72, '4.8', 14038, '4.00', 2017, 2),
(127, 'Giraffes Can''T Dance', 72, '4.8', 14038, '4.00', 2018, 2),
(128, 'Giraffes Can''T Dance', 72, '4.8', 14038, '4.00', 2019, 2),
(129, 'Girl, Stop Apologizing: A Shame-Free Plan For Embracing And Achieving Your Goals', 73, '4.6', 7660, '12.00', 2019, 1),
(130, 'Girl, Wash Your Face: Stop Believing The Lies About Who You Are So You Can Become Who You Were Meant To Be', 73, '4.6', 22288, '12.00', 2018, 1),
(131, 'Girl, Wash Your Face: Stop Believing The Lies About Who You Are So You Can Become Who You Were Meant To Be', 73, '4.6', 22288, '12.00', 2019, 1),
(132, 'Glenn Beck''S Common Sense: The Case Against An Out-Of-Control Government, Inspired By Thomas Paine', 22, '4.6', 1365, '11.00', 2009, 1),
(133, 'Go Set A Watchman: A Novel', 74, '3.6', 14982, '19.00', 2015, 2),
(134, 'Go The F**K To Sleep', 75, '4.8', 9568, '9.00', 2011, 2),
(135, 'Going Rogue: An American Life', 76, '4.6', 1636, '6.00', 2009, 1),
(136, 'Gone Girl', 77, '4.0', 57271, '10.00', 2012, 2),
(137, 'Gone Girl', 77, '4.0', 57271, '10.00', 2013, 2),
(138, 'Gone Girl', 77, '4.0', 57271, '9.00', 2014, 2),
(139, 'Good Days Start With Gratitude: A 52 Week Guide To Cultivate An Attitude Of Gratitude: Gratitude Journal', 78, '4.6', 10141, '6.00', 2019, 1),
(140, 'Good To Great: Why Some Companies Make The Leap And Others Don''T', 79, '4.5', 3457, '14.00', 2009, 1),
(141, 'Good To Great: Why Some Companies Make The Leap And Others Don''T', 79, '4.5', 3457, '14.00', 2010, 1),
(142, 'Good To Great: Why Some Companies Make The Leap And Others Don''T', 79, '4.5', 3457, '14.00', 2011, 1),
(143, 'Good To Great: Why Some Companies Make The Leap And Others Don''T', 79, '4.5', 3457, '14.00', 2012, 1),
(144, 'Goodnight Moon', 80, '4.8', 8837, '5.00', 2017, 2),
(145, 'Goodnight Moon', 80, '4.8', 8837, '5.00', 2018, 2),
(146, 'Goodnight Moon', 80, '4.8', 8837, '5.00', 2019, 2),
(147, 'Goodnight, Goodnight Construction Site (Hardcover Books For Toddlers, Preschool Books For Kids)', 81, '4.9', 7038, '7.00', 2012, 2),
(148, 'Goodnight, Goodnight Construction Site (Hardcover Books For Toddlers, Preschool Books For Kids)', 81, '4.9', 7038, '7.00', 2013, 2),
(149, 'Grain Brain: The Surprising Truth About Wheat, Carbs, And Sugar--Your Brain''S Silent Killers', 82, '4.6', 5972, '10.00', 2014, 1),
(150, 'Grey: Fifty Shades Of Grey As Told By Christian (Fifty Shades Of Grey Series)', 63, '4.4', 25624, '14.00', 2015, 2),
(151, 'Guts', 83, '4.8', 5476, '7.00', 2019, 1),
(152, 'Hamilton: The Revolution', 84, '4.9', 5867, '54.00', 2016, 1),
(153, 'Happy, Happy, Happy: My Life And Legacy As The Duck Commander', 85, '4.8', 4148, '11.00', 2013, 1),
(154, 'Harry Potter And The Chamber Of Secrets: The Illustrated Edition (Harry Potter, Book 2)', 61, '4.9', 19622, '30.00', 2016, 2),
(155, 'Harry Potter And The Cursed Child, Parts 1 & 2, Special Rehearsal Edition Script', 61, '4.0', 23973, '12.00', 2016, 2),
(156, 'Harry Potter And The Goblet Of Fire: The Illustrated Edition (Harry Potter, Book 4) (4)', 86, '4.9', 7758, '18.00', 2019, 2),
(157, 'Harry Potter And The Prisoner Of Azkaban: The Illustrated Edition (Harry Potter, Book 3)', 61, '4.9', 3146, '30.00', 2017, 2),
(158, 'Harry Potter And The Sorcerer''S Stone: The Illustrated Edition (Harry Potter, Book 1)', 61, '4.9', 10052, '22.00', 2016, 2),
(159, 'Harry Potter Coloring Book', 87, '4.7', 3564, '9.00', 2015, 1),
(160, 'Harry Potter Paperback Box Set (Books 1-7)', 86, '4.8', 13471, '52.00', 2016, 2),
(161, 'Have A Little Faith: A True Story', 88, '4.8', 1930, '4.00', 2009, 1),
(162, 'Heaven Is For Real: A Little Boy''S Astounding Story Of His Trip To Heaven And Back', 89, '4.7', 15779, '10.00', 2011, 1),
(163, 'Heaven Is For Real: A Little Boy''S Astounding Story Of His Trip To Heaven And Back', 89, '4.7', 15779, '10.00', 2012, 1),
(164, 'Hillbilly Elegy: A Memoir Of A Family And Culture In Crisis', 90, '4.4', 15526, '14.00', 2016, 1),
(165, 'Hillbilly Elegy: A Memoir Of A Family And Culture In Crisis', 90, '4.4', 15526, '14.00', 2017, 1),
(166, 'Homebody: A Guide To Creating Spaces You Never Want To Leave', 91, '4.8', 3776, '22.00', 2018, 1),
(167, 'How To Win Friends & Influence People', 92, '4.7', 25001, '11.00', 2014, 1),
(168, 'How To Win Friends & Influence People', 92, '4.7', 25001, '11.00', 2015, 1),
(169, 'How To Win Friends & Influence People', 92, '4.7', 25001, '11.00', 2016, 1),
(170, 'How To Win Friends & Influence People', 92, '4.7', 25001, '11.00', 2017, 1),
(171, 'How To Win Friends & Influence People', 92, '4.7', 25001, '11.00', 2018, 1),
(172, 'Howard Stern Comes Again', 93, '4.3', 5272, '16.00', 2019, 1),
(173, 'Humans Of New York', 94, '4.8', 3490, '15.00', 2013, 1),
(174, 'Humans Of New York', 94, '4.8', 3490, '15.00', 2014, 1),
(175, 'Humans Of New York : Stories', 94, '4.9', 2812, '17.00', 2015, 1),
(176, 'Hyperbole And A Half: Unfortunate Situations, Flawed Coping Mechanisms, Mayhem, And Other Things That Happened', 95, '4.7', 4896, '17.00', 2013, 1),
(177, 'I Am Confident, Brave & Beautiful: A Coloring Book For Girls', 96, '4.8', 9737, '7.00', 2019, 1),
(178, 'I, Alex Cross', 97, '4.6', 1320, '7.00', 2009, 2),
(179, 'If Animals Kissed Good Night', 98, '4.8', 16643, '4.00', 2017, 2),
(180, 'If Animals Kissed Good Night', 98, '4.8', 16643, '4.00', 2019, 2),
(181, 'If I Stay', 99, '4.3', 7153, '9.00', 2014, 2),
(182, 'In The Garden Of Beasts: Love, Terror, And An American Family In Hitler''S Berlin', 100, '4.4', 4571, '21.00', 2011, 1),
(183, 'Inferno', 101, '4.1', 29651, '14.00', 2013, 2),
(184, 'Inheritance: Book Iv (Inheritance Cycle)', 102, '4.6', 5299, '20.00', 2011, 2),
(185, 'Instant Pot Pressure Cooker Cookbook: 500 Everyday Recipes For Beginners And Advanced Users. Try Easy And Healthy…', 103, '4.4', 7396, '13.00', 2019, 1),
(186, 'Instant Pot Pressure Cooker Cookbook: 500 Everyday Recipes For Beginners And Advanced Users. Try Easy And Healthy…', 103, '4.4', 7396, '13.00', 2018, 1),
(187, 'It''S Not Supposed To Be This Way: Finding Unexpected Strength When Disappointments Leave You Shattered', 104, '4.8', 7062, '12.00', 2019, 1),
(188, 'Jesus Calling: Enjoying Peace In His Presence (With Scripture References)', 105, '4.9', 19576, '8.00', 2011, 1),
(189, 'Jesus Calling: Enjoying Peace In His Presence (With Scripture References)', 105, '4.9', 19576, '8.00', 2012, 1),
(190, 'Jesus Calling: Enjoying Peace In His Presence (With Scripture References)', 105, '4.9', 19576, '8.00', 2013, 1),
(191, 'Jesus Calling: Enjoying Peace In His Presence (With Scripture References)', 105, '4.9', 19576, '8.00', 2014, 1),
(192, 'Jesus Calling: Enjoying Peace In His Presence (With Scripture References)', 105, '4.9', 19576, '8.00', 2015, 1),
(193, 'Jesus Calling: Enjoying Peace In His Presence (With Scripture References)', 105, '4.9', 19576, '8.00', 2016, 1),
(194, 'Journey To The Ice P', 67, '4.6', 978, '0.00', 2014, 2),
(195, 'Joyland (Hard Case Crime)', 2, '4.5', 4748, '12.00', 2013, 2),
(196, 'Killers Of The Flower Moon: The Osage Murders And The Birth Of The Fbi', 106, '4.6', 8393, '17.00', 2017, 1),
(197, 'Killing Jesus (Bill O''Reilly''S Killing Series)', 107, '4.5', 11391, '12.00', 2013, 1),
(198, 'Killing Kennedy: The End Of Camelot', 107, '4.6', 8634, '25.00', 2012, 1),
(199, 'Killing Lincoln: The Shocking Assassination That Changed America Forever (Bill O''Reilly''S Killing Series)', 107, '4.7', 9342, '10.00', 2011, 1),
(200, 'Killing Lincoln: The Shocking Assassination That Changed America Forever (Bill O''Reilly''S Killing Series)', 107, '4.7', 9342, '10.00', 2012, 1),
(201, 'Killing Patton: The Strange Death Of World War Ii''S Most Audacious General (Bill O''Reilly''S Killing Series)', 107, '4.6', 10927, '6.00', 2014, 1),
(202, 'Killing Reagan: The Violent Assault That Changed A Presidency (Bill O''Reilly''S Killing Series)', 107, '4.6', 5235, '5.00', 2015, 1),
(203, 'Killing The Rising Sun: How America Vanquished World War Ii Japan (Bill O''Reilly''S Killing Series)', 107, '4.8', 8916, '6.00', 2016, 1),
(204, 'Kitchen Confidential Updated Edition: Adventures In The Culinary Underbelly (P.S.)', 108, '4.8', 2507, '8.00', 2018, 1),
(205, 'Knock-Knock Jokes For Kids', 109, '4.5', 3673, '4.00', 2013, 1),
(206, 'Knock-Knock Jokes For Kids', 109, '4.5', 3673, '4.00', 2014, 1),
(207, 'Knock-Knock Jokes For Kids', 109, '4.5', 3673, '4.00', 2015, 1),
(208, 'Last Week Tonight With John Oliver Presents A Day In The Life Of Marlon Bundo (Better Bundo Book, Lgbt ChildrenS Book)', 110, '4.9', 11881, '13.00', 2018, 2),
(209, 'Laugh-Out-Loud Jokes For Kids', 109, '4.6', 6990, '4.00', 2013, 1),
(210, 'Laugh-Out-Loud Jokes For Kids', 109, '4.6', 6990, '4.00', 2014, 1),
(211, 'Laugh-Out-Loud Jokes For Kids', 109, '4.6', 6990, '4.00', 2015, 1),
(212, 'Laugh-Out-Loud Jokes For Kids', 109, '4.6', 6990, '4.00', 2016, 1),
(213, 'Laugh-Out-Loud Jokes For Kids', 109, '4.6', 6990, '4.00', 2017, 1),
(214, 'Lean In: Women, Work, And The Will To Lead', 111, '4.5', 6132, '13.00', 2013, 1),
(215, 'Leonardo Da Vinci', 112, '4.5', 3014, '21.00', 2017, 1),
(216, 'Lettering And Modern Calligraphy: A Beginner''S Guide: Learn Hand Lettering And Brush Lettering', 113, '4.4', 7550, '6.00', 2018, 1),
(217, 'Liberty And Tyranny: A Conservative Manifesto', 114, '4.8', 3828, '15.00', 2009, 1),
(218, 'Life', 115, '4.5', 2752, '18.00', 2010, 1),
(219, 'Little Bee: A Novel', 116, '4.1', 1467, '10.00', 2010, 2),
(220, 'Little Blue Truck', 117, '4.9', 1884, '0.00', 2014, 2),
(221, 'Little Fires Everywhere', 118, '4.5', 25706, '12.00', 2018, 2),
(222, 'Looking For Alaska', 119, '4.5', 8491, '7.00', 2014, 2),
(223, 'Love Wins: A Book About Heaven, Hell, And The Fate Of Every Person Who Ever Lived', 120, '4.2', 1649, '13.00', 2011, 1),
(224, 'Love You Forever', 121, '4.8', 18613, '5.00', 2014, 2),
(225, 'Love You Forever', 121, '4.8', 18613, '5.00', 2015, 2),
(226, 'Magnolia Table: A Collection Of Recipes For Gathering', 91, '4.8', 9867, '16.00', 2018, 1),
(227, 'Make It Ahead: A Barefoot Contessa Cookbook', 27, '4.5', 1386, '20.00', 2014, 1),
(228, 'Make Your Bed: Little Things That Can Change Your Life...And Maybe The World', 122, '4.7', 10199, '11.00', 2017, 1),
(229, 'Mastering The Art Of French Cooking, Vol. 2', 123, '4.8', 2926, '27.00', 2009, 1),
(230, 'Milk And Honey', 124, '4.7', 17739, '8.00', 2016, 1),
(231, 'Milk And Honey', 124, '4.7', 17739, '8.00', 2017, 1),
(232, 'Milk And Honey', 124, '4.7', 17739, '8.00', 2018, 1),
(233, 'Milk And Vine: Inspirational Quotes From Classic Vines', 125, '4.4', 3113, '6.00', 2017, 1),
(234, 'Mindset: The New Psychology Of Success', 126, '4.6', 5542, '10.00', 2014, 1),
(235, 'Mindset: The New Psychology Of Success', 126, '4.6', 5542, '10.00', 2015, 1),
(236, 'Mindset: The New Psychology Of Success', 126, '4.6', 5542, '10.00', 2016, 1),
(237, 'Mockingjay (The Hunger Games)', 38, '4.5', 26741, '8.00', 2010, 2),
(238, 'Mockingjay (The Hunger Games)', 38, '4.5', 26741, '8.00', 2011, 2),
(239, 'Mockingjay (The Hunger Games)', 38, '4.5', 26741, '8.00', 2012, 2),
(240, 'National Geographic Kids Why?: Over 1,111 Answers To Everything', 127, '4.8', 5347, '16.00', 2019, 1),
(241, 'National Geographic Little Kids First Big Book Of Why (National Geographic Little Kids First Big Books)', 128, '4.8', 7866, '11.00', 2019, 1),
(242, 'New Moon (The Twilight Saga)', 32, '4.6', 5680, '10.00', 2009, 2),
(243, 'Night (Night)', 129, '4.7', 5178, '9.00', 2016, 1),
(244, 'No Easy Day: The Autobiography Of A Navy Seal: The Firsthand Account Of The Mission That Killed Osama Bin Laden', 130, '4.6', 8093, '14.00', 2012, 1),
(245, 'Obama: An Intimate Portrait', 131, '4.9', 3192, '22.00', 2017, 1),
(246, 'Oh, The Places You''Ll Go!', 132, '4.9', 21834, '8.00', 2012, 2),
(247, 'Oh, The Places You''Ll Go!', 132, '4.9', 21834, '8.00', 2013, 2),
(248, 'Oh, The Places You''Ll Go!', 132, '4.9', 21834, '8.00', 2014, 2),
(249, 'Oh, The Places You''Ll Go!', 132, '4.9', 21834, '8.00', 2015, 2),
(250, 'Oh, The Places You''Ll Go!', 132, '4.9', 21834, '8.00', 2016, 2),
(251, 'Oh, The Places You''Ll Go!', 132, '4.9', 21834, '8.00', 2017, 2),
(252, 'Oh, The Places You''Ll Go!', 132, '4.9', 21834, '8.00', 2018, 2),
(253, 'Oh, The Places You''Ll Go!', 132, '4.9', 21834, '8.00', 2019, 2),
(254, 'Old School (Diary Of A Wimpy Kid #10)', 34, '4.8', 6169, '7.00', 2015, 2),
(255, 'Olive Kitteridge', 133, '4.2', 4519, '12.00', 2009, 2),
(256, 'One Thousand Gifts: A Dare To Live Fully Right Where You Are', 134, '4.6', 3163, '13.00', 2011, 1),
(257, 'One Thousand Gifts: A Dare To Live Fully Right Where You Are', 134, '4.6', 3163, '13.00', 2012, 1),
(258, 'Option B: Facing Adversity, Building Resilience, And Finding Joy', 111, '4.5', 1831, '9.00', 2017, 1),
(259, 'Origin: A Novel (Robert Langdon)', 101, '4.3', 18904, '13.00', 2017, 2),
(260, 'Orphan Train', 135, '4.6', 21930, '11.00', 2014, 2),
(261, 'Outliers: The Story Of Success', 45, '4.6', 10426, '20.00', 2009, 1),
(262, 'Outliers: The Story Of Success', 45, '4.6', 10426, '20.00', 2010, 1),
(263, 'P Is For Potty! (Sesame Street) (Lift-The-Flap)', 136, '4.7', 10820, '5.00', 2018, 1),
(264, 'P Is For Potty! (Sesame Street) (Lift-The-Flap)', 136, '4.7', 10820, '5.00', 2019, 1),
(265, 'Percy Jackson And The Olympians Paperback Boxed Set (Books 1-3)', 137, '4.8', 548, '2.00', 2010, 2),
(266, 'Player''S Handbook (Dungeons & Dragons)', 138, '4.8', 16990, '27.00', 2017, 2),
(267, 'Player''S Handbook (Dungeons & Dragons)', 138, '4.8', 16990, '27.00', 2018, 2),
(268, 'Player''S Handbook (Dungeons & Dragons)', 138, '4.8', 16990, '27.00', 2019, 2),
(269, 'Pokémon Deluxe Essential Handbook: The Need-To-Know Stats And Facts On Over 700 Pokémon', 87, '4.7', 3503, '9.00', 2016, 2),
(270, 'Proof Of Heaven: A Neurosurgeon''S Journey Into The Afterlife', 139, '4.3', 13616, '10.00', 2012, 1),
(271, 'Proof Of Heaven: A Neurosurgeon''S Journey Into The Afterlife', 139, '4.3', 13616, '10.00', 2013, 1),
(272, 'Publication Manual Of The American Psychological Association, 6Th Edition', 140, '4.5', 8580, '46.00', 2009, 1),
(273, 'Publication Manual Of The American Psychological Association, 6Th Edition', 140, '4.5', 8580, '46.00', 2010, 1),
(274, 'Publication Manual Of The American Psychological Association, 6Th Edition', 140, '4.5', 8580, '46.00', 2011, 1),
(275, 'Publication Manual Of The American Psychological Association, 6Th Edition', 140, '4.5', 8580, '46.00', 2012, 1),
(276, 'Publication Manual Of The American Psychological Association, 6Th Edition', 140, '4.5', 8580, '46.00', 2013, 1),
(277, 'Publication Manual Of The American Psychological Association, 6Th Edition', 140, '4.5', 8580, '46.00', 2014, 1),
(278, 'Publication Manual Of The American Psychological Association, 6Th Edition', 140, '4.5', 8580, '46.00', 2015, 1),
(279, 'Publication Manual Of The American Psychological Association, 6Th Edition', 140, '4.5', 8580, '46.00', 2016, 1),
(280, 'Publication Manual Of The American Psychological Association, 6Th Edition', 140, '4.5', 8580, '46.00', 2017, 1),
(281, 'Publication Manual Of The American Psychological Association, 6Th Edition', 140, '4.5', 8580, '46.00', 2018, 1),
(282, 'Puppy Birthday To You! (Paw Patrol) (Little Golden Book)', 141, '4.8', 4757, '4.00', 2017, 2),
(283, 'Quiet: The Power Of Introverts In A World That Can''T Stop Talking', 142, '4.6', 10009, '20.00', 2012, 1),
(284, 'Quiet: The Power Of Introverts In A World That Can''T Stop Talking', 142, '4.6', 10009, '7.00', 2013, 1),
(285, 'Radical: Taking Back Your Faith From The American Dream', 143, '4.7', 1985, '9.00', 2010, 1),
(286, 'Radical: Taking Back Your Faith From The American Dream', 143, '4.7', 1985, '9.00', 2011, 1),
(287, 'Ready Player One: A Novel', 144, '4.6', 22536, '12.00', 2017, 2),
(288, 'Ready Player One: A Novel', 144, '4.6', 22536, '12.00', 2018, 2),
(289, 'Rush Revere And The Brave Pilgrims: Time-Travel Adventures With Exceptional Americans (1)', 145, '4.9', 7150, '12.00', 2013, 2),
(290, 'Rush Revere And The First Patriots: Time-Travel Adventures With Exceptional Americans (2)', 145, '4.9', 3836, '12.00', 2014, 2),
(291, 'Salt, Fat, Acid, Heat: Mastering The Elements Of Good Cooking', 146, '4.8', 7802, '20.00', 2018, 1),
(292, 'Salt, Fat, Acid, Heat: Mastering The Elements Of Good Cooking', 146, '4.8', 7802, '20.00', 2019, 1),
(293, 'Sarah''S Key', 147, '4.6', 3619, '10.00', 2010, 2),
(294, 'School Zone - Big Preschool Workbook - Ages 4 And Up, Colors, Shapes, Numbers 1-10, Alphabet, Pre-Writing, Pre-Reading…', 148, '4.8', 23047, '6.00', 2018, 1),
(295, 'School Zone - Big Preschool Workbook - Ages 4 And Up, Colors, Shapes, Numbers 1-10, Alphabet, Pre-Writing, Pre-Reading…', 148, '4.8', 23047, '6.00', 2019, 1),
(296, 'Secret Garden: An Inky Treasure Hunt And Coloring Book (For Adults, Mindfulness Coloring)', 59, '4.7', 9366, '9.00', 2015, 1),
(297, 'Sh*T My Dad Says', 149, '4.7', 1265, '11.00', 2010, 1),
(298, 'Ship Of Fools: How A Selfish Ruling Class Is Bringing America To The Brink Of Revolution', 150, '4.8', 3923, '16.00', 2018, 1),
(299, 'Shred: The Revolutionary Diet: 6 Weeks 4 Inches 2 Sizes', 151, '4.1', 2272, '6.00', 2013, 1),
(300, 'Sookie Stackhouse', 46, '4.7', 973, '25.00', 2009, 2),
(301, 'Soul Healing Miracles: Ancient And New Sacred Wisdom, Knowledge, And Practical Techniques For Healing The Spiritual…', 52, '4.6', 220, '17.00', 2013, 1),
(302, 'Steve Jobs', 112, '4.6', 7827, '20.00', 2011, 1),
(303, 'Steve Jobs', 112, '4.6', 7827, '20.00', 2012, 1),
(304, 'Strange Planet (Strange Planet Series)', 152, '4.9', 9382, '6.00', 2019, 2),
(305, 'Strengthsfinder 2.0', 153, '4.0', 5069, '17.00', 2009, 1),
(306, 'Strengthsfinder 2.0', 153, '4.0', 5069, '17.00', 2010, 1),
(307, 'Strengthsfinder 2.0', 153, '4.0', 5069, '17.00', 2011, 1),
(308, 'Strengthsfinder 2.0', 153, '4.0', 5069, '17.00', 2012, 1),
(309, 'Strengthsfinder 2.0', 153, '4.0', 5069, '17.00', 2013, 1),
(310, 'Strengthsfinder 2.0', 153, '4.0', 5069, '17.00', 2014, 1),
(311, 'Strengthsfinder 2.0', 153, '4.0', 5069, '17.00', 2015, 1),
(312, 'Strengthsfinder 2.0', 153, '4.0', 5069, '17.00', 2016, 1),
(313, 'Strengthsfinder 2.0', 153, '4.0', 5069, '17.00', 2017, 1),
(314, 'Super Freakonomics: Global Cooling, Patriotic Prostitutes, And Why Suicide Bombers Should Buy Life Insurance', 154, '4.5', 1583, '18.00', 2009, 1),
(315, 'Switch: How To Change Things When Change Is Hard', 155, '4.6', 1907, '13.00', 2010, 1),
(316, 'Sycamore Row (Jake Brigance)', 156, '4.5', 23114, '18.00', 2013, 2),
(317, 'Teach Like A Champion: 49 Techniques That Put Students On The Path To College', 157, '4.4', 637, '20.00', 2010, 1),
(318, 'Teach Like A Champion: 49 Techniques That Put Students On The Path To College', 157, '4.4', 637, '20.00', 2011, 1),
(319, 'The 17 Day Diet: A Doctor''S Plan Designed For Rapid Results', 158, '4.3', 2314, '22.00', 2011, 1),
(320, 'The 4 Hour Body: An Uncommon Guide To Rapid Fat Loss, Incredible Sex And Becoming Superhuman', 159, '4.3', 4587, '21.00', 2011, 1),
(321, 'The 5 Love Languages: The Secret To Love That Lasts', 160, '4.7', 3477, '28.00', 2010, 1),
(322, 'The 5 Love Languages: The Secret To Love That Lasts', 160, '4.7', 3477, '28.00', 2011, 1),
(323, 'The 5 Love Languages: The Secret To Love That Lasts', 160, '4.7', 3477, '28.00', 2012, 1),
(324, 'The 5 Love Languages: The Secret To Love That Lasts', 160, '4.7', 3477, '28.00', 2013, 1),
(325, 'The 5 Love Languages: The Secret To Love That Lasts', 160, '4.7', 3477, '28.00', 2014, 1),
(326, 'The 5 Love Languages: The Secret To Love That Lasts', 160, '4.8', 25554, '8.00', 2015, 1),
(327, 'The 5 Love Languages: The Secret To Love That Lasts', 160, '4.8', 25554, '8.00', 2016, 1),
(328, 'The 5 Love Languages: The Secret To Love That Lasts', 160, '4.8', 25554, '8.00', 2017, 1),
(329, 'The 5 Love Languages: The Secret To Love That Lasts', 160, '4.8', 25554, '8.00', 2018, 1),
(330, 'The 5 Love Languages: The Secret To Love That Lasts', 160, '4.8', 25554, '8.00', 2019, 1),
(331, 'The 5000 Year Leap', 161, '4.8', 1680, '12.00', 2009, 1),
(332, 'The 7 Habits Of Highly Effective People: Powerful Lessons In Personal Change', 162, '4.6', 9325, '24.00', 2009, 1),
(333, 'The 7 Habits Of Highly Effective People: Powerful Lessons In Personal Change', 162, '4.6', 9325, '24.00', 2011, 1),
(334, 'The 7 Habits Of Highly Effective People: Powerful Lessons In Personal Change', 162, '4.6', 9325, '24.00', 2012, 1),
(335, 'The 7 Habits Of Highly Effective People: Powerful Lessons In Personal Change', 162, '4.6', 9325, '24.00', 2013, 1),
(336, 'The 7 Habits Of Highly Effective People: Powerful Lessons In Personal Change', 162, '4.7', 4725, '16.00', 2015, 1),
(337, 'The 7 Habits Of Highly Effective People: Powerful Lessons In Personal Change', 162, '4.7', 4725, '16.00', 2016, 1),
(338, 'The 7 Habits Of Highly Effective People: Powerful Lessons In Personal Change', 162, '4.7', 4725, '16.00', 2017, 1),
(339, 'The Alchemist', 163, '4.7', 35799, '39.00', 2014, 2),
(340, 'The Amateur', 164, '4.6', 2580, '9.00', 2012, 1),
(341, 'The Art Of Racing In The Rain: A Novel', 165, '4.7', 11813, '10.00', 2010, 2),
(342, 'The Art Of Racing In The Rain: A Novel', 165, '4.7', 11813, '10.00', 2011, 2),
(343, 'The Big Short: Inside The Doomsday Machine', 166, '4.7', 3536, '17.00', 2010, 1),
(344, 'The Blood Of Olympus (The Heroes Of Olympus (5))', 137, '4.8', 6600, '11.00', 2014, 2),
(345, 'The Blood Sugar Solution: The Ultrahealthy Program For Losing Weight, Preventing Disease, And Feeling Great Now!', 167, '4.2', 1789, '14.00', 2012, 1),
(346, 'The Body Keeps The Score: Brain, Mind, And Body In The Healing Of Trauma', 168, '4.8', 12361, '12.00', 2019, 1),
(347, 'The Book Of Basketball: The Nba According To The Sports Guy', 169, '4.7', 858, '53.00', 2009, 1),
(348, 'The Book Thief', 170, '4.6', 23148, '6.00', 2013, 2),
(349, 'The Book Thief', 170, '4.6', 23148, '6.00', 2014, 2),
(350, 'The Book With No Pictures', 171, '4.8', 8081, '8.00', 2014, 2),
(351, 'The Book With No Pictures', 171, '4.8', 8081, '8.00', 2015, 2),
(352, 'The Boys In The Boat: Nine Americans And Their Epic Quest For Gold At The 1936 Berlin Olympics', 172, '4.8', 23358, '12.00', 2014, 1),
(353, 'The Boys In The Boat: Nine Americans And Their Epic Quest For Gold At The 1936 Berlin Olympics', 172, '4.8', 23358, '12.00', 2015, 1),
(354, 'The Casual Vacancy', 61, '3.3', 9372, '12.00', 2012, 2),
(355, 'The China Study: The Most Comprehensive Study Of Nutrition Ever Conducted And The Startling Implications For Diet…', 173, '4.7', 4633, '21.00', 2011, 1),
(356, 'The Complete Ketogenic Diet For Beginners: Your Essential Guide To Living The Keto Lifestyle', 174, '4.3', 13061, '6.00', 2018, 1),
(357, 'The Complete Ketogenic Diet For Beginners: Your Essential Guide To Living The Keto Lifestyle', 174, '4.3', 13061, '6.00', 2019, 1),
(358, 'The Confession: A Novel', 156, '4.3', 3523, '13.00', 2010, 2),
(359, 'The Constitution Of The United States', 175, '4.8', 2774, '0.00', 2016, 1),
(360, 'The Daily Show With Jon Stewart Presents Earth (The Book): A Visitor''S Guide To The Human Race', 176, '4.4', 440, '11.00', 2010, 1),
(361, 'The Day The Crayons Quit', 177, '4.8', 8922, '9.00', 2013, 2),
(362, 'The Day The Crayons Quit', 177, '4.8', 8922, '9.00', 2014, 2),
(363, 'The Day The Crayons Quit', 177, '4.8', 8922, '9.00', 2015, 2),
(364, 'The Dukan Diet: 2 Steps To Lose The Weight, 2 Steps To Keep It Off Forever', 178, '4.1', 2023, '15.00', 2011, 1),
(365, 'The Elegance Of The Hedgehog', 179, '4.0', 1859, '11.00', 2009, 2),
(366, 'The Fault In Our Stars', 119, '4.7', 50482, '13.00', 2012, 2),
(367, 'The Fault In Our Stars', 119, '4.7', 50482, '13.00', 2013, 2),
(368, 'The Fault In Our Stars', 119, '4.7', 50482, '7.00', 2014, 2),
(369, 'The Fault In Our Stars', 119, '4.7', 50482, '13.00', 2014, 2),
(370, 'The Five Dysfunctions Of A Team: A Leadership Fable', 180, '4.6', 3207, '6.00', 2009, 1),
(371, 'The Five Dysfunctions Of A Team: A Leadership Fable', 180, '4.6', 3207, '6.00', 2010, 1),
(372, 'The Five Dysfunctions Of A Team: A Leadership Fable', 180, '4.6', 3207, '6.00', 2011, 1),
(373, 'The Five Dysfunctions Of A Team: A Leadership Fable', 180, '4.6', 3207, '6.00', 2012, 1),
(374, 'The Five Dysfunctions Of A Team: A Leadership Fable', 180, '4.6', 3207, '6.00', 2013, 1),
(375, 'The Five Love Languages: How To Express Heartfelt Commitment To Your Mate', 160, '4.6', 803, '9.00', 2009, 1),
(376, 'The Four Agreements: A Practical Guide To Personal Freedom (A Toltec Wisdom Book)', 181, '4.7', 23308, '6.00', 2013, 1),
(377, 'The Four Agreements: A Practical Guide To Personal Freedom (A Toltec Wisdom Book)', 181, '4.7', 23308, '6.00', 2015, 1),
(378, 'The Four Agreements: A Practical Guide To Personal Freedom (A Toltec Wisdom Book)', 181, '4.7', 23308, '6.00', 2016, 1),
(379, 'The Four Agreements: A Practical Guide To Personal Freedom (A Toltec Wisdom Book)', 181, '4.7', 23308, '6.00', 2017, 1),
(380, 'The Four Agreements: A Practical Guide To Personal Freedom (A Toltec Wisdom Book)', 181, '4.7', 23308, '6.00', 2018, 1),
(381, 'The Four Agreements: A Practical Guide To Personal Freedom (A Toltec Wisdom Book)', 181, '4.7', 23308, '6.00', 2019, 1),
(382, 'The Getaway', 34, '4.8', 5836, '0.00', 2017, 2),
(383, 'The Girl On The Train', 182, '4.1', 79446, '18.00', 2015, 2),
(384, 'The Girl On The Train', 182, '4.1', 79446, '7.00', 2016, 2),
(385, 'The Girl Who Kicked The Hornet''S Nest (Millennium Trilogy)', 183, '4.7', 7747, '14.00', 2010, 2),
(386, 'The Girl Who Kicked The Hornet''S Nest (Millennium Trilogy)', 183, '4.7', 7747, '14.00', 2011, 2),
(387, 'The Girl Who Played With Fire (Millennium Series)', 183, '4.7', 7251, '9.00', 2010, 2),
(388, 'The Girl Who Played With Fire (Millennium)', 183, '4.7', 7251, '16.00', 2009, 2),
(389, 'The Girl With The Dragon Tattoo (Millennium Series)', 183, '4.4', 10559, '2.00', 2009, 2),
(390, 'The Girl With The Dragon Tattoo (Millennium Series)', 183, '4.4', 10559, '2.00', 2010, 2),
(391, 'The Going-To-Bed Book', 184, '4.8', 5249, '5.00', 2016, 2),
(392, 'The Going-To-Bed Book', 184, '4.8', 5249, '5.00', 2017, 2),
(393, 'The Goldfinch: A Novel (Pulitzer Prize For Fiction)', 185, '3.9', 33844, '20.00', 2013, 2),
(394, 'The Goldfinch: A Novel (Pulitzer Prize For Fiction)', 185, '3.9', 33844, '20.00', 2014, 2),
(395, 'The Great Gatsby', 186, '4.4', 11616, '7.00', 2012, 2),
(396, 'The Great Gatsby', 186, '4.4', 11616, '7.00', 2013, 2),
(397, 'The Great Gatsby', 186, '4.4', 11616, '7.00', 2014, 2),
(398, 'The Guardians: A Novel', 156, '4.5', 13609, '14.00', 2019, 2),
(399, 'The Guernsey Literary And Potato Peel Pie Society', 187, '4.7', 8587, '10.00', 2009, 2),
(400, 'The Handmaid''S Tale', 188, '4.3', 29442, '7.00', 2017, 2),
(401, 'The Harbinger: The Ancient Mystery That Holds The Secret Of America''S Future', 189, '4.6', 11098, '13.00', 2012, 2),
(402, 'The Hate U Give', 190, '4.8', 9947, '11.00', 2018, 2),
(403, 'The Help', 191, '4.8', 13871, '6.00', 2009, 2),
(404, 'The Help', 191, '4.8', 13871, '6.00', 2010, 2),
(405, 'The Help', 191, '4.8', 13871, '8.00', 2011, 2),
(406, 'The Help', 191, '4.8', 13871, '7.00', 2011, 2),
(407, 'The House Of Hades (Heroes Of Olympus, Book 4)', 137, '4.8', 6982, '14.00', 2013, 2),
(408, 'The Hunger Games', 38, '4.7', 32122, '14.00', 2010, 2),
(409, 'The Hunger Games (Book 1)', 38, '4.7', 32122, '8.00', 2011, 2),
(410, 'The Hunger Games (Book 1)', 38, '4.7', 32122, '8.00', 2012, 2),
(411, 'The Hunger Games Trilogy Boxed Set (1)', 38, '4.8', 16949, '30.00', 2011, 2),
(412, 'The Hunger Games Trilogy Boxed Set (1)', 38, '4.8', 16949, '30.00', 2012, 2),
(413, 'The Immortal Life Of Henrietta Lacks', 192, '4.7', 9289, '13.00', 2010, 1),
(414, 'The Immortal Life Of Henrietta Lacks', 192, '4.7', 9289, '9.00', 2011, 1),
(415, 'The Immortal Life Of Henrietta Lacks', 192, '4.7', 9289, '9.00', 2012, 1),
(416, 'The Instant Pot Electric Pressure Cooker Cookbook: Easy Recipes For Fast & Healthy Meals', 193, '4.3', 7368, '7.00', 2017, 1),
(417, 'The Instant Pot Electric Pressure Cooker Cookbook: Easy Recipes For Fast & Healthy Meals', 193, '4.3', 7368, '7.00', 2018, 1),
(418, 'The Last Lecture', 194, '4.7', 4028, '9.00', 2009, 1),
(419, 'The Last Olympian (Percy Jackson And The Olympians, Book 5)', 137, '4.8', 4628, '7.00', 2009, 2),
(420, 'The Last Olympian (Percy Jackson And The Olympians, Book 5)', 137, '4.8', 4628, '7.00', 2010, 2),
(421, 'The Legend Of Zelda: Hyrule Historia', 195, '4.9', 5396, '20.00', 2013, 2),
(422, 'The Lego Ideas Book: Unlock Your Imagination', 196, '4.4', 4247, '13.00', 2011, 1),
(423, 'The Lego Ideas Book: Unlock Your Imagination', 196, '4.4', 4247, '13.00', 2012, 1),
(424, 'The Life-Changing Magic Of Tidying Up: The Japanese Art Of Decluttering And Organizing', 197, '4.5', 22641, '11.00', 2015, 1),
(425, 'The Life-Changing Magic Of Tidying Up: The Japanese Art Of Decluttering And Organizing', 197, '4.5', 22641, '11.00', 2016, 1),
(426, 'The Life-Changing Magic Of Tidying Up: The Japanese Art Of Decluttering And Organizing', 197, '4.5', 22641, '11.00', 2017, 1),
(427, 'The Life-Changing Magic Of Tidying Up: The Japanese Art Of Decluttering And Organizing', 197, '4.5', 22641, '11.00', 2019, 1),
(428, 'The Litigators', 156, '4.4', 6222, '18.00', 2011, 2),
(429, 'The Lost Hero (Heroes Of Olympus, Book 1)', 137, '4.8', 4506, '14.00', 2010, 2),
(430, 'The Lost Symbol', 101, '4.2', 8747, '19.00', 2009, 2),
(431, 'The Love Dare', 198, '4.8', 1655, '13.00', 2009, 1),
(432, 'The Magnolia Story', 199, '4.9', 7861, '5.00', 2016, 1),
(433, 'The Mark Of Athena (Heroes Of Olympus, Book 3)', 137, '4.8', 6247, '10.00', 2012, 2),
(434, 'The Martian', 200, '4.7', 39459, '9.00', 2015, 2),
(435, 'The Maze Runner (Book 1)', 201, '4.5', 10101, '8.00', 2014, 2),
(436, 'The Meltdown (Diary Of A Wimpy Kid Book 13)', 34, '4.8', 5898, '8.00', 2018, 2),
(437, 'The Mueller Report', 202, '4.6', 2744, '12.00', 2019, 1),
(438, 'The Nightingale: A Novel', 203, '4.8', 49288, '11.00', 2015, 2),
(439, 'The Nightingale: A Novel', 203, '4.8', 49288, '11.00', 2016, 2),
(440, 'The Official Sat Study Guide', 204, '4.4', 1201, '40.00', 2010, 1),
(441, 'The Official Sat Study Guide', 204, '4.4', 1201, '40.00', 2011, 1),
(442, 'The Official Sat Study Guide', 204, '4.4', 1201, '40.00', 2012, 1),
(443, 'The Official Sat Study Guide', 204, '4.4', 1201, '40.00', 2013, 1),
(444, 'The Official Sat Study Guide', 204, '4.4', 1201, '40.00', 2014, 1),
(445, 'The Official Sat Study Guide, 2016 Edition (Official Study Guide For The New Sat)', 204, '4.3', 807, '36.00', 2016, 1),
(446, 'The Paris Wife: A Novel', 205, '4.3', 3759, '16.00', 2011, 2),
(447, 'The Pioneer Woman Cooks: A Year Of Holidays: 140 Step-By-Step Recipes For Simple, Scrumptious Celebrations', 206, '4.8', 2663, '17.00', 2013, 1),
(448, 'The Pioneer Woman Cooks: Dinnertime - Comfort Classics, Freezer Food, 16-Minute Meals, And Other Delicious Ways To Solve…', 206, '4.8', 3428, '14.00', 2015, 1),
(449, 'The Pioneer Woman Cooks: Food From My Frontier', 206, '4.8', 2876, '21.00', 2012, 1),
(450, 'The Plant Paradox Cookbook: 100 Delicious Recipes To Help You Lose Weight, Heal Your Gut, And Live Lectin-Free', 207, '4.5', 3601, '18.00', 2018, 1),
(451, 'The Plant Paradox: The Hidden Dangers In "Healthy" Foods That Cause Disease And Weight Gain', 207, '4.4', 7058, '17.00', 2018, 1),
(452, 'The Pout-Pout Fish', 208, '4.8', 9784, '5.00', 2017, 2),
(453, 'The Pout-Pout Fish', 208, '4.8', 9784, '5.00', 2018, 2),
(454, 'The Power Of Habit: Why We Do What We Do In Life And Business', 209, '4.6', 10795, '21.00', 2012, 1),
(455, 'The President Is Missing: A Novel', 97, '4.3', 10191, '18.00', 2018, 2),
(456, 'The Racketeer', 156, '4.3', 14493, '18.00', 2012, 2),
(457, 'The Red Pyramid (The Kane Chronicles, Book 1)', 137, '4.6', 2186, '12.00', 2010, 2),
(458, 'The Road To Serfdom: Text And Documents--The Definitive Edition (The Collected Works Of F. A. Hayek, Volume 2)', 210, '4.6', 1204, '14.00', 2010, 1),
(459, 'The Serpent''S Shadow (The Kane Chronicles, Book 3)', 137, '4.8', 2091, '12.00', 2012, 2),
(460, 'The Shack: Where Tragedy Confronts Eternity', 211, '4.6', 19720, '8.00', 2009, 2),
(461, 'The Shack: Where Tragedy Confronts Eternity', 211, '4.6', 19720, '8.00', 2017, 2),
(462, 'The Short Second Life Of Bree Tanner: An Eclipse Novella (The Twilight Saga)', 32, '4.6', 2122, '0.00', 2010, 2),
(463, 'The Silent Patient', 212, '4.5', 27536, '14.00', 2019, 2),
(464, 'The Son Of Neptune (Heroes Of Olympus, Book 2)', 137, '4.8', 4290, '10.00', 2011, 2),
(465, 'The Subtle Art Of Not Giving A F*Ck: A Counterintuitive Approach To Living A Good Life', 213, '4.6', 26490, '15.00', 2017, 1),
(466, 'The Subtle Art Of Not Giving A F*Ck: A Counterintuitive Approach To Living A Good Life', 213, '4.6', 26490, '15.00', 2018, 1),
(467, 'The Subtle Art Of Not Giving A F*Ck: A Counterintuitive Approach To Living A Good Life', 213, '4.6', 26490, '15.00', 2019, 1),
(468, 'The Sun And Her Flowers', 124, '4.7', 5487, '9.00', 2017, 1),
(469, 'The Third Wheel (Diary Of A Wimpy Kid, Book 7)', 34, '4.7', 6377, '7.00', 2012, 2),
(470, 'The Throne Of Fire (The Kane Chronicles, Book 2)', 137, '4.7', 1463, '10.00', 2011, 2),
(471, 'The Time Traveler''S Wife', 214, '4.4', 3759, '6.00', 2009, 2),
(472, 'The Tipping Point: How Little Things Can Make A Big Difference', 45, '4.4', 3503, '9.00', 2009, 1),
(473, 'The Total Money Makeover: Classic Edition: A Proven Plan For Financial Fitness', 215, '4.7', 11550, '10.00', 2019, 1),
(474, 'The Twilight Saga Collection', 32, '4.7', 3801, '82.00', 2009, 2),
(475, 'The Ugly Truth (Diary Of A Wimpy Kid, Book 5)', 34, '4.8', 3796, '12.00', 2010, 2),
(476, 'The Unofficial Harry Potter Cookbook: From Cauldron Cakes To Knickerbocker Glory--More Than 150 Magical Recipes For…', 216, '4.7', 9030, '10.00', 2019, 1),
(477, 'The Very Hungry Caterpillar', 217, '4.9', 19546, '5.00', 2013, 2),
(478, 'The Very Hungry Caterpillar', 217, '4.9', 19546, '5.00', 2014, 2),
(479, 'The Very Hungry Caterpillar', 217, '4.9', 19546, '5.00', 2015, 2),
(480, 'The Very Hungry Caterpillar', 217, '4.9', 19546, '5.00', 2016, 2),
(481, 'The Very Hungry Caterpillar', 217, '4.9', 19546, '5.00', 2017, 2),
(482, 'The Very Hungry Caterpillar', 217, '4.9', 19546, '5.00', 2018, 2),
(483, 'The Very Hungry Caterpillar', 217, '4.9', 19546, '5.00', 2019, 2),
(484, 'The Whole30: The 30-Day Guide To Total Health And Food Freedom', 218, '4.6', 7508, '16.00', 2015, 1),
(485, 'The Whole30: The 30-Day Guide To Total Health And Food Freedom', 218, '4.6', 7508, '16.00', 2016, 1),
(486, 'The Whole30: The 30-Day Guide To Total Health And Food Freedom', 218, '4.6', 7508, '16.00', 2017, 1),
(487, 'The Wonderful Things You Will Be', 219, '4.9', 8842, '10.00', 2016, 2),
(488, 'The Wonderful Things You Will Be', 219, '4.9', 8842, '10.00', 2017, 2),
(489, 'The Wonderful Things You Will Be', 219, '4.9', 8842, '10.00', 2018, 2),
(490, 'The Wonderful Things You Will Be', 219, '4.9', 8842, '10.00', 2019, 2),
(491, 'The Wonky Donkey', 220, '4.8', 30183, '4.00', 2018, 2),
(492, 'The Wonky Donkey', 220, '4.8', 30183, '4.00', 2019, 2),
(493, 'The Wright Brothers', 221, '4.7', 6169, '16.00', 2015, 1),
(494, 'Things That Matter: Three Decades Of Passions, Pastimes And Politics [Deckled Edge]', 222, '4.7', 7034, '15.00', 2013, 1),
(495, 'Thinking, Fast And Slow', 223, '4.6', 11034, '19.00', 2011, 1),
(496, 'Thinking, Fast And Slow', 223, '4.6', 11034, '19.00', 2012, 1),
(497, 'Thirteen Reasons Why', 224, '4.5', 7932, '9.00', 2017, 2),
(498, 'Thomas Jefferson: The Art Of Power', 225, '4.5', 1904, '23.00', 2012, 1),
(499, 'Three Cups Of Tea: One Man''S Mission To Promote Peace - One School At A Time', 226, '4.3', 3319, '11.00', 2009, 1),
(500, 'Three Cups Of Tea: One Man''S Mission To Promote Peace - One School At A Time', 226, '4.3', 3319, '11.00', 2010, 1),
(501, 'Thug Kitchen: The Official Cookbook: Eat Like You Give A F*Ck (Thug Kitchen Cookbooks)', 227, '4.6', 11128, '23.00', 2014, 1),
(502, 'Thug Kitchen: The Official Cookbook: Eat Like You Give A F*Ck (Thug Kitchen Cookbooks)', 227, '4.6', 11128, '23.00', 2015, 1),
(503, 'Thug Kitchen: The Official Cookbook: Eat Like You Give A F*Ck (Thug Kitchen Cookbooks)', 227, '4.6', 11128, '23.00', 2016, 1),
(504, 'Thug Kitchen: The Official Cookbook: Eat Like You Give A F*Ck (Thug Kitchen Cookbooks)', 227, '4.6', 11128, '23.00', 2017, 1),
(505, 'Tina Fey: Bossypants', 228, '4.3', 5977, '12.00', 2011, 1),
(506, 'To Kill A Mockingbird', 74, '4.8', 26234, '0.00', 2013, 2),
(507, 'To Kill A Mockingbird', 74, '4.8', 26234, '0.00', 2014, 2),
(508, 'To Kill A Mockingbird', 74, '4.8', 26234, '0.00', 2015, 2),
(509, 'To Kill A Mockingbird', 74, '4.8', 26234, '0.00', 2016, 2),
(510, 'To Kill A Mockingbird', 74, '4.8', 26234, '7.00', 2019, 2),
(511, 'Tools Of Titans: The Tactics, Routines, And Habits Of Billionaires, Icons, And World-Class Performers', 159, '4.6', 4360, '21.00', 2017, 1),
(512, 'Towers Of Midnight (Wheel Of Time, Book Thirteen)', 229, '4.8', 2282, '21.00', 2010, 2),
(513, 'True Compass: A Memoir', 230, '4.5', 438, '15.00', 2009, 1),
(514, 'Twilight (The Twilight Saga, Book 1)', 32, '4.7', 11676, '9.00', 2009, 2),
(515, 'Ultimate Sticker Book: Frozen: More Than 60 Reusable Full-Color Stickers', 25, '4.5', 2586, '5.00', 2014, 2),
(516, 'Unbroken: A World War Ii Story Of Survival, Resilience, And Redemption', 231, '4.8', 29673, '16.00', 2010, 1),
(517, 'Unbroken: A World War Ii Story Of Survival, Resilience, And Redemption', 231, '4.8', 29673, '16.00', 2011, 1),
(518, 'Unbroken: A World War Ii Story Of Survival, Resilience, And Redemption', 231, '4.8', 29673, '16.00', 2012, 1),
(519, 'Unbroken: A World War Ii Story Of Survival, Resilience, And Redemption', 231, '4.8', 29673, '13.00', 2014, 1),
(520, 'Unbroken: A World War Ii Story Of Survival, Resilience, And Redemption', 231, '4.8', 29673, '16.00', 2014, 1),
(521, 'Under The Dome: A Novel', 2, '4.3', 6740, '20.00', 2009, 2),
(522, 'Unfreedom Of The Press', 114, '4.9', 5956, '11.00', 2019, 1),
(523, 'Unicorn Coloring Book: For Kids Ages 4-8 (Us Edition) (Silly Bear Coloring Books)', 232, '4.8', 6108, '4.00', 2019, 1),
(524, 'Uninvited: Living Loved When You Feel Less Than, Left Out, And Lonely', 104, '4.7', 4585, '9.00', 2016, 1),
(525, 'Watchmen', 233, '4.8', 3829, '42.00', 2009, 2),
(526, 'Water For Elephants: A Novel', 234, '4.5', 8958, '12.00', 2011, 2),
(527, 'What Happened', 235, '4.6', 5492, '18.00', 2017, 1),
(528, 'What If?: Serious Scientific Answers To Absurd Hypothetical Questions', 236, '4.7', 9292, '17.00', 2014, 1),
(529, 'What Pet Should I Get? (Classic Seuss)', 132, '4.7', 1873, '14.00', 2015, 2),
(530, 'What Should Danny Do? (The Power To Choose Series)', 237, '4.8', 8170, '13.00', 2019, 2),
(531, 'What To Expect When You''Re Expecting', 238, '4.4', 3341, '9.00', 2011, 1),
(532, 'Wheat Belly: Lose The Wheat, Lose The Weight, And Find Your Path Back To Health', 239, '4.4', 7497, '6.00', 2012, 1),
(533, 'Wheat Belly: Lose The Wheat, Lose The Weight, And Find Your Path Back To Health', 239, '4.4', 7497, '6.00', 2013, 1),
(534, 'When Breath Becomes Air', 240, '4.8', 13779, '14.00', 2016, 1),
(535, 'Where The Crawdads Sing', 241, '4.8', 87841, '15.00', 2019, 2);
INSERT INTO `libri` (`id_libro`, `titolo`, `fk_id_autore`, `voto_medio`, `numero_recensioni`, `prezzo`, `anno`, `fk_id_genere`) VALUES
(536, 'Where The Wild Things Are', 242, '4.8', 9967, '13.00', 2009, 2),
(537, 'Whose Boat Is This Boat?: Comments That Don''T Help In The Aftermath Of A Hurricane', 243, '4.6', 6669, '12.00', 2018, 1),
(538, 'Wild: From Lost To Found On The Pacific Crest Trail', 244, '4.4', 17044, '18.00', 2012, 1),
(539, 'Winter Of The World: Book Two Of The Century Trilogy', 245, '4.5', 10760, '15.00', 2012, 2),
(540, 'Women Food And God: An Unexpected Path To Almost Everything', 246, '4.2', 1302, '11.00', 2010, 1),
(541, 'Wonder', 247, '4.8', 21625, '9.00', 2013, 2),
(542, 'Wonder', 247, '4.8', 21625, '9.00', 2014, 2),
(543, 'Wonder', 247, '4.8', 21625, '9.00', 2015, 2),
(544, 'Wonder', 247, '4.8', 21625, '9.00', 2016, 2),
(545, 'Wonder', 247, '4.8', 21625, '9.00', 2017, 2),
(546, 'Wrecking Ball (Diary Of A Wimpy Kid Book 14)', 34, '4.9', 9413, '8.00', 2019, 2),
(547, 'You Are A Badass: How To Stop Doubting Your Greatness And Start Living An Awesome Life', 248, '4.7', 14331, '8.00', 2016, 1),
(548, 'You Are A Badass: How To Stop Doubting Your Greatness And Start Living An Awesome Life', 248, '4.7', 14331, '8.00', 2017, 1),
(549, 'You Are A Badass: How To Stop Doubting Your Greatness And Start Living An Awesome Life', 248, '4.7', 14331, '8.00', 2018, 1),
(550, 'You Are A Badass: How To Stop Doubting Your Greatness And Start Living An Awesome Life', 248, '4.7', 14331, '8.00', 2019, 1);

-- --------------------------------------------------------

--
-- Structure for view `best_autori`
--
DROP TABLE IF EXISTS `best_autori`;

CREATE ALGORITHM=UNDEFINED DEFINER=`root`@`localhost` SQL SECURITY DEFINER VIEW `best_autori`  AS  (select `a`.`nome` AS `nome`,count(`l`.`titolo`) AS `books_count`,round(avg(`l`.`prezzo`),2) AS `avg_price`,round(avg(`l`.`voto_medio`),1) AS `avg_rating`,round(avg(`l`.`numero_recensioni`),1) AS `avg_reviews`,(select `g`.`genere` from (`libri` `l2` join `generi` `g` on((`l2`.`fk_id_genere` = `g`.`id_genere`))) where (`l2`.`fk_id_autore` = `a`.`id_autore`) group by `g`.`genere` order by count(0) desc limit 1) AS `main_genre`,floor(avg(`l`.`anno`)) AS `avg_year` from ((`libri` `l` join `autori` `a` on((`l`.`fk_id_autore` = `a`.`id_autore`))) join `generi` `g` on((`l`.`fk_id_genere` = `g`.`id_genere`))) group by `a`.`nome` order by count(`l`.`titolo`) desc) ;

--
-- Indexes for dumped tables
--

--
-- Indexes for table `autori`
--
ALTER TABLE `autori`
  ADD PRIMARY KEY (`id_autore`);

--
-- Indexes for table `generi`
--
ALTER TABLE `generi`
  ADD PRIMARY KEY (`id_genere`);

--
-- Indexes for table `libri`
--
ALTER TABLE `libri`
  ADD PRIMARY KEY (`id_libro`),
  ADD KEY `fk_id_autore` (`fk_id_autore`),
  ADD KEY `fk_id_genere` (`fk_id_genere`);

--
-- AUTO_INCREMENT for dumped tables
--

--
-- AUTO_INCREMENT for table `autori`
--
ALTER TABLE `autori`
  MODIFY `id_autore` int(11) NOT NULL AUTO_INCREMENT, AUTO_INCREMENT=249;
--
-- AUTO_INCREMENT for table `generi`
--
ALTER TABLE `generi`
  MODIFY `id_genere` int(11) NOT NULL AUTO_INCREMENT, AUTO_INCREMENT=3;
--
-- AUTO_INCREMENT for table `libri`
--
ALTER TABLE `libri`
  MODIFY `id_libro` int(11) NOT NULL AUTO_INCREMENT, AUTO_INCREMENT=551;
--
-- Constraints for dumped tables
--

--
-- Constraints for table `libri`
--
ALTER TABLE `libri`
  ADD CONSTRAINT `libri_ibfk_1` FOREIGN KEY (`fk_id_autore`) REFERENCES `autori` (`id_autore`),
  ADD CONSTRAINT `libri_ibfk_2` FOREIGN KEY (`fk_id_genere`) REFERENCES `generi` (`id_genere`);

/*!40101 SET CHARACTER_SET_CLIENT=@OLD_CHARACTER_SET_CLIENT */;
/*!40101 SET CHARACTER_SET_RESULTS=@OLD_CHARACTER_SET_RESULTS */;
/*!40101 SET COLLATION_CONNECTION=@OLD_COLLATION_CONNECTION */;
